id;title;duration
1;rare meh;27706
2;delectable whenever formation;13525
3;er;31939
4;debut shrill;11931
5;boohoo boo while;25062
6;perspire making;22793
7;after intently;14699
8;delectable till out;27466
9;aw gee;26487
10;midst what;9513
11;sandy schedule continually;31973
12;moment nor kick;418
13;beautifully gah instead;25957
14;procurement portray wisely;32082
15;repurpose;20123
16;once;16786
17;sternly;12004
18;upside-down yowza;10634
19;fun yearly;28577
20;filter elastic generally;13746
21;quickly;18107
22;nightlife questioningly or;8178
23;the pendant ravioli;28968
24;availability pigpen translation;25064
25;adjudge;8389
26;sun since;114
27;fledgling boo;2634
28;though hm;14096
29;accentuate;22376
30;sleepily atop;23146
