id;request_date;description
1;2026-05-31T04:23:40;liberalize
2;2026-05-31T12:28:18;quickly
3;2026-05-31T05:22:03;festival sedately
4;2026-05-31T12:15:33;scram yet
5;2026-05-30T13:35:37;across almighty trash
6;2026-05-30T18:00:20;cruelly lest
7;2026-05-31T10:34:26;alert joyous foot
8;2026-05-30T18:55:37;vice geez gazebo
9;2026-05-30T17:33:52;viability vestment
10;2026-05-31T02:08:11;insidious
11;2026-05-30T23:44:11;thoughtfully murky next
12;2026-05-30T16:58:25;gloat angelic messy
13;2026-05-31T11:37:36;bloom canter
14;2026-05-30T19:50:26;chunter
15;2026-05-31T13:04:35;er drat wire
16;2026-05-31T02:51:53;vice insidious daintily
17;2026-05-31T09:30:38;ugh closely bran
18;2026-05-31T04:13:24;beret
19;2026-05-30T14:29:13;deeply shyly
20;2026-05-31T00:23:34;unto
21;2026-05-31T09:45:57;than via powerfully
22;2026-05-31T00:27:27;the
23;2026-05-30T22:47:41;yippee spectacles supposing
24;2026-05-31T02:13:26;victoriously regular gloom
25;2026-05-31T07:45:13;hydrocarbon
26;2026-05-31T05:20:58;ski below
27;2026-05-30T19:19:44;zowie amongst
28;2026-05-31T09:00:42;extent inside though
29;2026-05-31T13:02:55;kiddingly of
30;2026-05-30T16:55:11;extremely graffiti up
